Scenario,OrderSize,30201,50102,293874,300871,301060,343310
11,1,644.71,778.72,669.4,725.51,684.61,658.86
11,2,838.51,960.92,825.8,867.04,885.35,857.35
11,3,833.54,869.8,881.68,918.02,838.6,933.22
11,4,852.24,1146.09,956.2,909.89,947.27,891.09
11,5,753.59,1321.13,,,1112.17,986.27
11,6,1216.76,1016.76,961.34,,1421.01,1228.45
11,7,,1437.79,,894.08,,1035.03
11,Total,733.13,867.62,757.39,806.61,786.74,760.44
12,1,848.34,1004.45,1106.7,1126.91,961.19,973.39
12,2,1052.74,1195.21,1148.47,1340.62,1294.58,1116.64
12,3,1269.19,1366.52,1225.65,1195.83,1066.34,1145.11
12,4,1154.06,1349.33,1304.82,1276.52,1456.23,1109.3
12,5,1241.35,1372.24,1644.97,1101.74,1013.44,1323.64
12,6,1207.51,1060.99,,1280.31,1366.68,1562.43
12,7,1340.84,,635.81,1174.21,,650.66
12,8,,546.96,1862.07,2086.63,1340.15,1132.69
12,9,,654.58,1142.9,1676.59,1374.16,2199.3
12,10,691.54,1068.4,,,,
12,11,,,,856.64,,
12,12,,,,,2683.83,
12,19,,,741.41,,,
12,Total,1020.64,1136.68,1167.96,1212.44,1106.36,1069.27
13,1,900.01,1097.23,956.4,1057.08,944.23,1053.97
13,2,1031.06,1374.88,1127.41,1134.15,1004.38,1231.23
13,3,1199.86,1122.3,1125.94,1204.14,1146.34,1355.72
13,4,1066.11,1553.69,1438.26,1179.01,1297.79,917.81
13,5,1046.16,2512.91,934.74,1711.59,1195.59,1401.21
13,6,795.19,1927.04,,1341.76,1192.75,
13,7,,,,958.25,,
13,8,,,,,1226.8,
13,Total,978.5,1233.08,1039.82,1102.55,996.58,1133.75
14,1,1060.34,1032.06,1208.91,1349.25,969.48,1105.45
14,2,1303.39,1387.79,1366.95,1505.85,1355.14,1256.07
14,3,1477.11,1496.22,1426.89,1549.45,1171.83,1394.6
14,4,1322.8,1474.15,1367.46,1433.61,1378.42,1196.97
14,5,1197.39,1291.62,1431.62,1154.47,640.02,1259.77
14,6,1258.41,1219.05,1278.59,1560.39,1594.24,1459.74
14,7,,1416.81,632.35,2378.36,,1963.35
14,8,,527.12,3219.17,1066.27,1841.11,757.7
14,9,,1372.31,812.71,939.52,2133.76,
14,10,746.69,1374.6,,,799.18,
14,11,,,,958.45,,
14,19,,,817.93,,,
14,Total,1209.1,1240.76,1303.74,1417.86,1128.87,1200.33
31,1,614.47,589.54,620.65,584.1,608.19,588.33
31,2,765.77,825.94,747.34,828.31,766.52,803.58
31,3,720.99,758.06,755.58,847.32,772.25,769.69
31,4,980.62,831.72,825.44,905.72,930.82,956.26
31,5,1346.56,979.3,851.39,1152.89,986.92,591.02
31,6,,1085.95,497.52,1171.41,1341.76,955.36
31,7,,,,647.08,,
31,9,,,,,,1360.0
31,10,,,,1422.88,,
31,Total,697.61,701.79,684.19,724.1,698.86,703.29
32,1,668.61,765.46,995.72,831.68,686.44,906.96
32,2,914.07,914.11,1098.35,1061.55,862.91,1138.12
32,3,983.46,918.88,1248.77,1160.43,988.09,1283.65
32,4,1034.13,905.25,1124.44,1281.52,994.28,1204.17
32,5,1010.42,1161.29,1260.97,1254.34,1122.65,1136.01
32,6,991.79,1240.29,1383.19,1363.07,1256.29,1061.74
32,7,1111.73,1182.65,1498.11,1363.55,1357.12,1369.05
32,8,1050.39,813.71,,1956.28,1852.09,1443.22
32,9,,,1880.57,393.53,1488.72,
32,10,,,,1766.61,,1812.59
32,11,,,,935.69,,
32,12,,,1557.95,,,
32,23,,,,,,1782.97
32,Total,826.94,868.89,1105.73,1018.0,846.51,1076.19
33,1,810.88,825.79,870.35,951.33,859.03,849.7
33,2,966.17,988.0,1078.91,1137.92,1014.34,944.58
33,3,961.66,988.93,1232.57,1149.6,1072.45,935.36
33,4,922.89,1202.25,946.72,1180.5,1390.89,992.27
33,5,1637.85,1044.83,1619.72,1394.57,1642.08,1190.6
33,6,1200.43,,1189.97,1260.48,,
33,7,,,,335.25,1128.74,
33,8,1040.26,,,,,
33,Total,891.78,913.66,996.42,1052.26,955.95,896.55
34,1,858.1,1004.52,1233.96,1079.55,942.93,1211.49
34,2,1177.43,1095.64,1144.56,1343.64,1123.77,1245.73
34,3,1219.37,1098.49,1351.35,1360.54,1261.68,1411.42
34,4,1275.34,1177.82,1137.88,1429.04,1294.35,1356.76
34,5,1460.05,1632.63,1216.29,1128.13,1321.26,1030.18
34,6,1048.58,1419.69,2028.24,1853.86,1232.12,2075.78
34,7,2072.21,927.3,2035.12,740.73,1115.56,1477.72
34,8,,822.75,,,,1283.0
34,9,,,,1001.85,734.14,
34,10,,,,,,1372.03
34,11,,,,841.46,,
34,Total,1066.75,1088.31,1228.18,1233.11,1081.24,1263.43
51,1,575.67,612.66,584.12,635.46,589.59,599.02
51,2,802.05,777.05,755.95,790.91,757.25,761.33
51,3,859.09,779.4,934.42,882.29,878.44,867.98
51,4,894.3,897.22,839.01,758.34,941.84,747.08
51,5,802.45,986.95,,1122.63,1153.74,936.38
51,6,755.44,,402.53,,,1086.31
51,7,,623.91,,,906.26,1244.67
51,Total,698.16,699.35,699.19,735.89,701.98,693.83
52,1,721.69,705.1,667.98,721.06,663.11,642.71
52,2,828.57,996.12,850.62,902.41,899.94,830.78
52,3,1001.15,1037.18,949.46,970.1,984.25,934.36
52,4,979.46,1051.96,1076.54,1132.29,927.75,921.79
52,5,1342.11,879.62,1047.03,850.13,1055.25,989.84
52,6,1102.56,1078.53,1084.83,1280.37,1121.59,1136.09
52,7,1089.22,258.97,,1078.87,1223.14,962.16
52,8,1404.02,1062.02,1214.09,1103.52,1766.34,
52,9,,,,,,1452.02
52,10,1022.78,,1370.45,1246.36,,
52,11,,,,811.43,,
52,12,835.82,,,,,
52,Total,843.99,899.24,826.84,860.16,850.62,782.2
53,1,855.85,758.48,826.03,834.03,775.73,837.21
53,2,1016.77,972.86,967.22,996.95,892.08,940.45
53,3,1120.83,947.0,990.87,975.71,959.14,1034.65
53,4,1230.25,1264.72,1011.75,1026.14,981.04,869.47
53,5,1129.11,1175.54,1347.58,911.35,1030.03,1329.48
53,6,615.57,953.95,873.29,,1130.9,
53,7,,601.08,1560.17,,,695.14
53,Total,941.35,865.2,901.61,912.74,838.47,893.26
54,1,896.81,1012.21,892.19,1038.87,935.89,1009.98
54,2,1017.91,1234.87,1083.21,1178.83,1065.9,1012.36
54,3,1159.11,1402.0,1174.7,1291.73,1218.94,1353.63
54,4,1269.79,1015.44,977.67,1328.08,1177.49,1390.72
54,5,1607.74,1117.44,1058.61,886.54,1277.4,1199.72
54,6,1521.85,1451.78,851.67,1841.17,1401.58,1014.72
54,7,1117.57,255.0,1945.77,1803.92,2528.63,1376.11
54,8,979.98,1584.85,1364.5,1471.3,1119.02,2157.31
54,9,1478.57,1892.52,,2030.75,,
54,12,876.11,,,,,
54,13,,,,,1343.21,
54,14,,,,1764.63,,
54,Total,1017.16,1157.71,1009.47,1160.79,1078.48,1097.47
